{"cameraMode":{"drawMode":0,"name":"Shaded","section":"Shading Mode"},"sceneLighting":false,"audioPlay":false,"sceneViewState":{"showFog":true,"showMaterialUpdate":false,"showSkybox":false,"showFlares":true,"showImageEffects":true,"showParticleSystems":true,"showVisualEffectGraphs":true,"m_FxEnabled":true},"in2DMode":false,"pivot":{"x":-3.716465473175049,"y":0.10954123735427857,"z":14.867005348205567},"rotation":{"x":0.12057943642139435,"y":-0.030979527160525323,"z":0.0036249300464987756,"w":0.9923727512359619},"size":18.95273780822754,"orthographic":false}