{"cameraMode":{"drawMode":0,"name":"Shaded","section":"Shading Mode"},"sceneLighting":false,"audioPlay":false,"sceneViewState":{"showFog":true,"showMaterialUpdate":false,"showSkybox":false,"showFlares":true,"showImageEffects":true,"showParticleSystems":true,"showVisualEffectGraphs":true,"m_FxEnabled":true},"in2DMode":false,"pivot":{"x":1.3173110485076905,"y":2.0366334915161135,"z":7.181330680847168},"rotation":{"x":0.12593857944011689,"y":-0.03365907073020935,"z":0.004207948688417673,"w":0.9917482137680054},"size":0.8236010670661926,"orthographic":false}