{"cameraMode":{"drawMode":0,"name":"Shaded","section":"Shading Mode"},"sceneLighting":false,"audioPlay":false,"sceneViewState":{"showFog":false,"showMaterialUpdate":false,"showSkybox":false,"showFlares":false,"showImageEffects":false,"showParticleSystems":false,"showVisualEffectGraphs":true,"m_FxEnabled":true},"in2DMode":false,"pivot":{"x":0.00041920135845430195,"y":2.091507911682129,"z":-0.014164062216877938},"rotation":{"x":0.17130056023597718,"y":0.1436999887228012,"z":-0.02527572028338909,"w":0.9744922518730164},"size":1.7778639793395997,"orthographic":false}