{"cameraMode":{"drawMode":0,"name":"Shaded","section":"Shading Mode"},"sceneLighting":false,"audioPlay":false,"sceneViewState":{"showFog":true,"showMaterialUpdate":false,"showSkybox":false,"showFlares":true,"showImageEffects":true,"showParticleSystems":true,"showVisualEffectGraphs":true,"m_FxEnabled":true},"in2DMode":false,"pivot":{"x":-1.691225528717041,"y":10.412750244140625,"z":-4.352297306060791},"rotation":{"x":-0.043392010033130649,"y":-0.17384491860866548,"z":-0.0077593023888766769,"w":0.9838559627532959},"size":3.020761489868164,"orthographic":false}